Chicago's Red Light Cameras Now a Point of Contention for Mayoral Candidates,http://rss.slashdot.org/~r/Slashdot/slashdot/~3/S3oAPg079Mw/story01.htm,"The same system of red-light cameras in Chicago that was shown last year to have been generating bogus tickets is still around -- but now, reports Reuters, it's a political punching bag for opponents of Chicago mayor Rahm Emanuel in an upcoming election. ""[Emanuel], who supports the nation's largest automated camera system, is polling slightly under the 50 percent plus one vote he needs to avoid a run-off against the second-highest vote-getter. Three of the four challengers seeking to topple Emanuel say the cameras should go. Emanuel's closest rival, Cook County Commissioner Jesus ""Chuy"" Garcia, who is polling at about 20 percent, said he would only keep cameras that have been proven to reduce accidents. .... Chicago has red-light cameras at 174 intersections and 144 speed cameras near schools and parks around the city. They have brought in $500 million since 2003, according to media reports, a figure Chicago has neither confirmed nor disputed.<p><div class=""share_submission"" style=""position:relative;""> <a class=""slashpop"" href=""http://twitter.com/home?status=Chicago's+Red+Light+Cameras+Now+a+Point+of+Contention+for+Mayoral+Candidates%3A+http%3A%2F%2Fbit.ly%2F1ByDenT""><img src=""http://a.fsdn.com/sd/twitter_icon_large.png""></a> <a class=""slashpop"" href=""http://www.facebook.com/sharer.php?u=http%3A%2F%2Fpolitics.slashdot.org%2Fstory%2F15%2F02%2F21%2F2015217%2Fchicagos-red-light-cameras-now-a-point-of-contention-for-mayoral-candidates%3Futm_source%3Dslashdot%26utm_medium%3Dfacebook""><img src=""http://a.fsdn.com/sd/facebook_icon_large.png""></a> <a class=""nobg"" href=""http://plus.google.com/share?url=http://politics.slashdot.org/story/15/02/21/2015217/chicagos-red-light-cameras-now-a-point-of-contention-for-mayoral-candidates?utm_source=slashdot&amp;utm_medium=googleplus"" onclick=""javascript:window.open(this.href,'', 'menubar=no,toolbar=no,resizable=yes,scrollbars=yes,height=600,width=600');return false;""><img src=""http://www.gstatic.com/images/icons/gplus-16.png"" alt=""Share on Google+""/></a> </div></p><p><a href=""http://politics.slashdot.org/story/15/02/21/2015217/chicagos-red-light-cameras-now-a-point-of-contention-for-mayoral-candidates?utm_source=rss1.0moreanon&amp;utm_medium=feed"">Read more of this story</a> at Slashdot.</p><iframe src=""http://slashdot.org/slashdot-it.pl?op=discuss&amp;id=6999171&amp;smallembed=1"" style=""height: 300px; width: 100%; border: none;""></iframe><img width='1' height='1' src='http://slashdot.feedsportal.com/c/35028/f/647410/s/43a757a7/sc/8/mf.gif' border='0'/><br clear='all'/><br/><br/><a href=""http://da.feedsportal.com/r/222160594252/u/49/f/647410/c/35028/s/43a757a7/sc/8/rc/1/rc.htm"" rel=""nofollow""><img src=""http://da.feedsportal.com/r/222160594252/u/49/f/647410/c/35028/s/43a757a7/sc/8/rc/1/rc.img"" border=""0""/></a><br/><a href=""http://da.feedsportal.com/r/222160594252/u/49/f/647410/c/35028/s/43a757a7/sc/8/rc/2/rc.htm"" rel=""nofollow""><img src=""http://da.feedsportal.com/r/222160594252/u/49/f/647410/c/35028/s/43a757a7/sc/8/rc/2/rc.img"" border=""0""/></a><br/><a href=""http://da.feedsportal.com/r/222160594252/u/49/f/647410/c/35028/s/43a757a7/sc/8/rc/3/rc.htm"" rel=""nofollow""><img src=""http://da.feedsportal.com/r/222160594252/u/49/f/647410/c/35028/s/43a757a7/sc/8/rc/3/rc.img"" border=""0""/></a><br/><br/><a href=""http://da.feedsportal.com/r/222160594252/u/49/f/647410/c/35028/s/43a757a7/sc/8/a2.htm""><img src=""http://da.feedsportal.com/r/222160594252/u/49/f/647410/c/35028/s/43a757a7/sc/8/a2.img"" border=""0""/></a><img width=""1"" height=""1"" src=""http://pi.feedsportal.com/r/222160594252/u/49/f/647410/c/35028/s/43a757a7/sc/8/a2t.img"" border=""0""/><img src=""//feeds.feedburner.com/~r/Slashdot/slashdot/~4/S3oAPg079Mw"" height=""1"" width=""1"" alt=""""/>"
Antitrust Case Against Google Thrown Out of SF Court,http://rss.slashdot.org/~r/Slashdot/slashdot/~3/ea39prWeDuE/story01.htm,"Mark Wilson (3799011) writes ""Just a few days ago Google was threatened with legal action for anti-competitive behavior in Russia. While we don't yet know if that will amount to anything, there has been some better news for the search giant in the US. A San Francisco judge dismissed a case brought against the firm by two men who thought the inclusion of Google services in Android pushed up the prices of their handsets.""<p><div class=""share_submission"" style=""position:relative;""> <a class=""slashpop"" href=""http://twitter.com/home?status=Antitrust+Case+Against+Google+Thrown+Out+of+SF+Court%3A+http%3A%2F%2Fbit.ly%2F1DIUKVB""><img src=""http://a.fsdn.com/sd/twitter_icon_large.png""></a> <a class=""slashpop"" href=""http://www.facebook.com/sharer.php?u=http%3A%2F%2Ftech.slashdot.org%2Fstory%2F15%2F02%2F21%2F1916211%2Fantitrust-case-against-google-thrown-out-of-sf-court%3Futm_source%3Dslashdot%26utm_medium%3Dfacebook""><img src=""http://a.fsdn.com/sd/facebook_icon_large.png""></a> <a class=""nobg"" href=""http://plus.google.com/share?url=http://tech.slashdot.org/story/15/02/21/1916211/antitrust-case-against-google-thrown-out-of-sf-court?utm_source=slashdot&amp;utm_medium=googleplus"" onclick=""javascript:window.open(this.href,'', 'menubar=no,toolbar=no,resizable=yes,scrollbars=yes,height=600,width=600');return false;""><img src=""http://www.gstatic.com/images/icons/gplus-16.png"" alt=""Share on Google+""/></a> </div></p><p><a href=""http://tech.slashdot.org/story/15/02/21/1916211/antitrust-case-against-google-thrown-out-of-sf-court?utm_source=rss1.0moreanon&amp;utm_medium=feed"">Read more of this story</a> at Slashdot.</p><iframe src=""http://slashdot.org/slashdot-it.pl?op=discuss&amp;id=6999071&amp;smallembed=1"" style=""height: 300px; width: 100%; border: none;""></iframe><img width='1' height='1' src='http://slashdot.feedsportal.com/c/35028/f/647410/s/43a7878a/sc/21/mf.gif' border='0'/><br clear='all'/><br/><br/><a href=""http://da.feedsportal.com/r/222160607185/u/49/f/647410/c/35028/s/43a7878a/sc/21/rc/1/rc.htm"" rel=""nofollow""><img src=""http://da.feedsportal.com/r/222160607185/u/49/f/647410/c/35028/s/43a7878a/sc/21/rc/1/rc.img"" border=""0""/></a><br/><a href=""http://da.feedsportal.com/r/222160607185/u/49/f/647410/c/35028/s/43a7878a/sc/21/rc/2/rc.htm"" rel=""nofollow""><img src=""http://da.feedsportal.com/r/222160607185/u/49/f/647410/c/35028/s/43a7878a/sc/21/rc/2/rc.img"" border=""0""/></a><br/><a href=""http://da.feedsportal.com/r/222160607185/u/49/f/647410/c/35028/s/43a7878a/sc/21/rc/3/rc.htm"" rel=""nofollow""><img src=""http://da.feedsportal.com/r/222160607185/u/49/f/647410/c/35028/s/43a7878a/sc/21/rc/3/rc.img"" border=""0""/></a><br/><br/><a href=""http://da.feedsportal.com/r/222160607185/u/49/f/647410/c/35028/s/43a7878a/sc/21/a2.htm""><img src=""http://da.feedsportal.com/r/222160607185/u/49/f/647410/c/35028/s/43a7878a/sc/21/a2.img"" border=""0""/></a><img width=""1"" height=""1"" src=""http://pi.feedsportal.com/r/222160607185/u/49/f/647410/c/35028/s/43a7878a/sc/21/a2t.img"" border=""0""/><img src=""//feeds.feedburner.com/~r/Slashdot/slashdot/~4/ea39prWeDuE"" height=""1"" width=""1"" alt=""""/>"
Apple Will Let Users Test iOS Beta Versions For the First Time,http://rss.slashdot.org/~r/Slashdot/slashdot/~3/xaig_SnUJnc/story01.htm,"9to5 Mac reports that In an effort to eliminate bugs from upcoming iOS versions ahead of their general releases, Apple plans to launch the first-ever public beta program for the iOS operating system, according to multiple people briefed on the plans. Following the successful launch of the OS X Public Beta program with OS X Yosemite last year, Apple intends to release the upcoming iOS 8.3 as a public beta via the company&rsquo;s existing AppleSeed program in mid-March, according to the sources. The article goes on to say Like the early iOS 8 developers builds, the public betas will include a dedicated app that allows users to report bugs to Apple. The main goal of the iOS beta program will be a more reliable and widely tested operating system by the time of the wider consumer launch, as Apple has come under fire for lack of quality control in iOS 8. Launching public beta versions of iOS will also reduce the demand for unauthorized sales of beta downloads from developer accounts, which enabled some consumers to test-drive future iOS features.<p><div class=""share_submission"" style=""position:relative;""> <a class=""slashpop"" href=""http://twitter.com/home?status=Apple+Will+Let+Users+Test+iOS+Beta+Versions+For+the+First+Time%3A+http%3A%2F%2Fbit.ly%2F1LqHess""><img src=""http://a.fsdn.com/sd/twitter_icon_large.png""></a> <a class=""slashpop"" href=""http://www.facebook.com/sharer.php?u=http%3A%2F%2Fapple.slashdot.org%2Fstory%2F15%2F02%2F21%2F1817237%2Fapple-will-let-users-test-ios-beta-versions-for-the-first-time%3Futm_source%3Dslashdot%26utm_medium%3Dfacebook""><img src=""http://a.fsdn.com/sd/facebook_icon_large.png""></a> <a class=""nobg"" href=""http://plus.google.com/share?url=http://apple.slashdot.org/story/15/02/21/1817237/apple-will-let-users-test-ios-beta-versions-for-the-first-time?utm_source=slashdot&amp;utm_medium=googleplus"" onclick=""javascript:window.open(this.href,'', 'menubar=no,toolbar=no,resizable=yes,scrollbars=yes,height=600,width=600');return false;""><img src=""http://www.gstatic.com/images/icons/gplus-16.png"" alt=""Share on Google+""/></a> </div></p><p><a href=""http://apple.slashdot.org/story/15/02/21/1817237/apple-will-let-users-test-ios-beta-versions-for-the-first-time?utm_source=rss1.0moreanon&amp;utm_medium=feed"">Read more of this story</a> at Slashdot.</p><iframe src=""http://slashdot.org/slashdot-it.pl?op=discuss&amp;id=6998961&amp;smallembed=1"" style=""height: 300px; width: 100%; border: none;""></iframe><img width='1' height='1' src='http://slashdot.feedsportal.com/c/35028/f/647410/s/43a630b4/sc/5/mf.gif' border='0'/><br clear='all'/><br/><br/><a href=""http://da.feedsportal.com/r/218612096323/u/49/f/647410/c/35028/s/43a630b4/sc/5/rc/1/rc.htm"" rel=""nofollow""><img src=""http://da.feedsportal.com/r/218612096323/u/49/f/647410/c/35028/s/43a630b4/sc/5/rc/1/rc.img"" border=""0""/></a><br/><a href=""http://da.feedsportal.com/r/218612096323/u/49/f/647410/c/35028/s/43a630b4/sc/5/rc/2/rc.htm"" rel=""nofollow""><img src=""http://da.feedsportal.com/r/218612096323/u/49/f/647410/c/35028/s/43a630b4/sc/5/rc/2/rc.img"" border=""0""/></a><br/><a href=""http://da.feedsportal.com/r/218612096323/u/49/f/647410/c/35028/s/43a630b4/sc/5/rc/3/rc.htm"" rel=""nofollow""><img src=""http://da.feedsportal.com/r/218612096323/u/49/f/647410/c/35028/s/43a630b4/sc/5/rc/3/rc.img"" border=""0""/></a><br/><br/><a href=""http://da.feedsportal.com/r/218612096323/u/49/f/647410/c/35028/s/43a630b4/sc/5/a2.htm""><img src=""http://da.feedsportal.com/r/218612096323/u/49/f/647410/c/35028/s/43a630b4/sc/5/a2.img"" border=""0""/></a><img width=""1"" height=""1"" src=""http://pi.feedsportal.com/r/218612096323/u/49/f/647410/c/35028/s/43a630b4/sc/5/a2t.img"" border=""0""/><img src=""//feeds.feedburner.com/~r/Slashdot/slashdot/~4/xaig_SnUJnc"" height=""1"" width=""1"" alt=""""/>"
Ask Slashdot: How Can Technology Improve the Judicial System?,http://rss.slashdot.org/~r/Slashdot/slashdot/~3/JgGlkPas0D8/story01.htm,"An anonymous reader writes One of the cornerstones of any democracy is its judicial system. Fortunately, most of us never have to deal with it. On the other hand, the fact that we so seldom interact with it also means that most of us are not constantly thinking about it. It is possible our judicial system would be much better if most of us had to spend more time thinking about it. I myself had not put much thought into it until I watched a documentary about Aaron Swartz. It is frightening to think that someone could have been left in a position like that. I also hear about so many cases were people end up pleading guilty because they do not have enough money to fight a case in court. Is this really the best we can do? The Marshal Project is also an interesting source of information regarding the shortfalls of our current system. What do you think about it? How can we improve our judicial system? Is there any interesting way that technology could be used to improve the system?<p><div class=""share_submission"" style=""position:relative;""> <a class=""slashpop"" href=""http://twitter.com/home?status=Ask+Slashdot%3A+How+Can+Technology+Improve+the+Judicial+System%3F%3A+http%3A%2F%2Fbit.ly%2F1FHk7t6""><img src=""http://a.fsdn.com/sd/twitter_icon_large.png""></a> <a class=""slashpop"" href=""http://www.facebook.com/sharer.php?u=http%3A%2F%2Fyro.slashdot.org%2Fstory%2F15%2F02%2F21%2F1547225%2Fask-slashdot-how-can-technology-improve-the-judicial-system%3Futm_source%3Dslashdot%26utm_medium%3Dfacebook""><img src=""http://a.fsdn.com/sd/facebook_icon_large.png""></a> <a class=""nobg"" href=""http://plus.google.com/share?url=http://yro.slashdot.org/story/15/02/21/1547225/ask-slashdot-how-can-technology-improve-the-judicial-system?utm_source=slashdot&amp;utm_medium=googleplus"" onclick=""javascript:window.open(this.href,'', 'menubar=no,toolbar=no,resizable=yes,scrollbars=yes,height=600,width=600');return false;""><img src=""http://www.gstatic.com/images/icons/gplus-16.png"" alt=""Share on Google+""/></a> </div></p><p><a href=""http://yro.slashdot.org/story/15/02/21/1547225/ask-slashdot-how-can-technology-improve-the-judicial-system?utm_source=rss1.0moreanon&amp;utm_medium=feed"">Read more of this story</a> at Slashdot.</p><iframe src=""http://slashdot.org/slashdot-it.pl?op=discuss&amp;id=6998557&amp;smallembed=1"" style=""height: 300px; width: 100%; border: none;""></iframe><img width='1' height='1' src='http://slashdot.feedsportal.com/c/35028/f/647410/s/43a5d4c3/sc/4/mf.gif' border='0'/><br clear='all'/><br/><br/><a href=""http://da.feedsportal.com/r/219133325904/u/49/f/647410/c/35028/s/43a5d4c3/sc/4/rc/1/rc.htm"" rel=""nofollow""><img src=""http://da.feedsportal.com/r/219133325904/u/49/f/647410/c/35028/s/43a5d4c3/sc/4/rc/1/rc.img"" border=""0""/></a><br/><a href=""http://da.feedsportal.com/r/219133325904/u/49/f/647410/c/35028/s/43a5d4c3/sc/4/rc/2/rc.htm"" rel=""nofollow""><img src=""http://da.feedsportal.com/r/219133325904/u/49/f/647410/c/35028/s/43a5d4c3/sc/4/rc/2/rc.img"" border=""0""/></a><br/><a href=""http://da.feedsportal.com/r/219133325904/u/49/f/647410/c/35028/s/43a5d4c3/sc/4/rc/3/rc.htm"" rel=""nofollow""><img src=""http://da.feedsportal.com/r/219133325904/u/49/f/647410/c/35028/s/43a5d4c3/sc/4/rc/3/rc.img"" border=""0""/></a><br/><br/><a href=""http://da.feedsportal.com/r/219133325904/u/49/f/647410/c/35028/s/43a5d4c3/sc/4/a2.htm""><img src=""http://da.feedsportal.com/r/219133325904/u/49/f/647410/c/35028/s/43a5d4c3/sc/4/a2.img"" border=""0""/></a><img width=""1"" height=""1"" src=""http://pi.feedsportal.com/r/219133325904/u/49/f/647410/c/35028/s/43a5d4c3/sc/4/a2t.img"" border=""0""/><img src=""//feeds.feedburner.com/~r/Slashdot/slashdot/~4/JgGlkPas0D8"" height=""1"" width=""1"" alt=""""/>"
Linux Foundation: Bugs Can Be Made Shallow With Proper Funding,http://rss.slashdot.org/~r/Slashdot/slashdot/~3/KVY_ilqBPJ8/story01.htm,"jones_supa writes The record amount of security challenges in 2014 undermined the confidence many had in high quality of open source software. Jim Zemlin, executive director of the Linux Foundation, addressed the issue head-on during last week's Linux Collaboration Summit. Zemlin quoted the oft-repeated Linus' law, which states that given enough eyes, all bugs are shallow. ""In these cases the eyeballs weren't really looking"", Zemlin said. ""Modern software security is hard because modern software is very complex,"" he continued. Such complexity requires dedicated engineers, and thus the solution is to fund projects that need help. To date, the foundation's Core Infrastructure Initiative has helped out the NTP, OpenSSL and GnuPG projects, with more likely to come. The second key initiative is the Core Infrastructure Census, which aims to find the next Heartbleed before it occurs. The census is looking to find underfunded projects and those that may not have enough eyeballs looking at the code today.""<p><div class=""share_submission"" style=""position:relative;""> <a class=""slashpop"" href=""http://twitter.com/home?status=Linux+Foundation%3A+Bugs+Can+Be+Made+Shallow+With+Proper+Funding%3A+http%3A%2F%2Fbit.ly%2F1z74X8m""><img src=""http://a.fsdn.com/sd/twitter_icon_large.png""></a> <a class=""slashpop"" href=""http://www.facebook.com/sharer.php?u=http%3A%2F%2Flinux.slashdot.org%2Fstory%2F15%2F02%2F21%2F1621244%2Flinux-foundation-bugs-can-be-made-shallow-with-proper-funding%3Futm_source%3Dslashdot%26utm_medium%3Dfacebook""><img src=""http://a.fsdn.com/sd/facebook_icon_large.png""></a> <a class=""nobg"" href=""http://plus.google.com/share?url=http://linux.slashdot.org/story/15/02/21/1621244/linux-foundation-bugs-can-be-made-shallow-with-proper-funding?utm_source=slashdot&amp;utm_medium=googleplus"" onclick=""javascript:window.open(this.href,'', 'menubar=no,toolbar=no,resizable=yes,scrollbars=yes,height=600,width=600');return false;""><img src=""http://www.gstatic.com/images/icons/gplus-16.png"" alt=""Share on Google+""/></a> </div></p><p><a href=""http://linux.slashdot.org/story/15/02/21/1621244/linux-foundation-bugs-can-be-made-shallow-with-proper-funding?utm_source=rss1.0moreanon&amp;utm_medium=feed"">Read more of this story</a> at Slashdot.</p><iframe src=""http://slashdot.org/slashdot-it.pl?op=discuss&amp;id=6998649&amp;smallembed=1"" style=""height: 300px; width: 100%; border: none;""></iframe><img width='1' height='1' src='http://slashdot.feedsportal.com/c/35028/f/647410/s/43a548cd/sc/4/mf.gif' border='0'/><br clear='all'/><br/><br/><a href=""http://da.feedsportal.com/r/218611972797/u/49/f/647410/c/35028/s/43a548cd/sc/4/rc/1/rc.htm"" rel=""nofollow""><img src=""http://da.feedsportal.com/r/218611972797/u/49/f/647410/c/35028/s/43a548cd/sc/4/rc/1/rc.img"" border=""0""/></a><br/><a href=""http://da.feedsportal.com/r/218611972797/u/49/f/647410/c/35028/s/43a548cd/sc/4/rc/2/rc.htm"" rel=""nofollow""><img src=""http://da.feedsportal.com/r/218611972797/u/49/f/647410/c/35028/s/43a548cd/sc/4/rc/2/rc.img"" border=""0""/></a><br/><a href=""http://da.feedsportal.com/r/218611972797/u/49/f/647410/c/35028/s/43a548cd/sc/4/rc/3/rc.htm"" rel=""nofollow""><img src=""http://da.feedsportal.com/r/218611972797/u/49/f/647410/c/35028/s/43a548cd/sc/4/rc/3/rc.img"" border=""0""/></a><br/><br/><a href=""http://da.feedsportal.com/r/218611972797/u/49/f/647410/c/35028/s/43a548cd/sc/4/a2.htm""><img src=""http://da.feedsportal.com/r/218611972797/u/49/f/647410/c/35028/s/43a548cd/sc/4/a2.img"" border=""0""/></a><img width=""1"" height=""1"" src=""http://pi.feedsportal.com/r/218611972797/u/49/f/647410/c/35028/s/43a548cd/sc/4/a2t.img"" border=""0""/><img src=""//feeds.feedburner.com/~r/Slashdot/slashdot/~4/KVY_ilqBPJ8"" height=""1"" width=""1"" alt=""""/>"
Wired On 3-D Printers As Fraud Enablers,http://rss.slashdot.org/~r/Slashdot/slashdot/~3/RDeFWVfrNac/story01.htm,"An anonymous reader writes Citing a report from the Gartner Group estimating $100 billion in intellectual property losses within five years, Joshua Greenbaum warns of ""the threat of a major surge in counterfeiting"" as cheap 3-D printers get more sophisticated materials. Writing for Wired, Greenbaum argues that preventing counterfeiting ""promises to be a growth market,"" and suggests that besides updating IP laws, possible solutions include nanomaterials for ""watermarking"" authentic copies or even the regulation of 3-D printing materials. Major retailers like Amazon are already offering 3-D print-on-demand products &mdash; though right now their selection is mostly limited to novelties like customized bobbleheads and Christmas ornaments shaped like cannabis leaves. Apropos: Smithonian Magazine has an article that makes a good companion piece to this one on the long political history of the copy machine, which raised many of the same issues being rediscovered in the context of 3-D printing.<p><div class=""share_submission"" style=""position:relative;""> <a class=""slashpop"" href=""http://twitter.com/home?status=Wired+On+3-D+Printers+As+Fraud+Enablers%3A+http%3A%2F%2Fbit.ly%2F1LndYRv""><img src=""http://a.fsdn.com/sd/twitter_icon_large.png""></a> <a class=""slashpop"" href=""http://www.facebook.com/sharer.php?u=http%3A%2F%2Fyro.slashdot.org%2Fstory%2F15%2F02%2F21%2F1428228%2Fwired-on-3-d-printers-as-fraud-enablers%3Futm_source%3Dslashdot%26utm_medium%3Dfacebook""><img src=""http://a.fsdn.com/sd/facebook_icon_large.png""></a> <a class=""nobg"" href=""http://plus.google.com/share?url=http://yro.slashdot.org/story/15/02/21/1428228/wired-on-3-d-printers-as-fraud-enablers?utm_source=slashdot&amp;utm_medium=googleplus"" onclick=""javascript:window.open(this.href,'', 'menubar=no,toolbar=no,resizable=yes,scrollbars=yes,height=600,width=600');return false;""><img src=""http://www.gstatic.com/images/icons/gplus-16.png"" alt=""Share on Google+""/></a> </div></p><p><a href=""http://yro.slashdot.org/story/15/02/21/1428228/wired-on-3-d-printers-as-fraud-enablers?utm_source=rss1.0moreanon&amp;utm_medium=feed"">Read more of this story</a> at Slashdot.</p><iframe src=""http://slashdot.org/slashdot-it.pl?op=discuss&amp;id=6998343&amp;smallembed=1"" style=""height: 300px; width: 100%; border: none;""></iframe><img width='1' height='1' src='http://slashdot.feedsportal.com/c/35028/f/647410/s/43a53276/sc/4/mf.gif' border='0'/><br clear='all'/><br/><br/><a href=""http://da.feedsportal.com/r/219133324279/u/49/f/647410/c/35028/s/43a53276/sc/4/rc/1/rc.htm"" rel=""nofollow""><img src=""http://da.feedsportal.com/r/219133324279/u/49/f/647410/c/35028/s/43a53276/sc/4/rc/1/rc.img"" border=""0""/></a><br/><a href=""http://da.feedsportal.com/r/219133324279/u/49/f/647410/c/35028/s/43a53276/sc/4/rc/2/rc.htm"" rel=""nofollow""><img src=""http://da.feedsportal.com/r/219133324279/u/49/f/647410/c/35028/s/43a53276/sc/4/rc/2/rc.img"" border=""0""/></a><br/><a href=""http://da.feedsportal.com/r/219133324279/u/49/f/647410/c/35028/s/43a53276/sc/4/rc/3/rc.htm"" rel=""nofollow""><img src=""http://da.feedsportal.com/r/219133324279/u/49/f/647410/c/35028/s/43a53276/sc/4/rc/3/rc.img"" border=""0""/></a><br/><br/><a href=""http://da.feedsportal.com/r/219133324279/u/49/f/647410/c/35028/s/43a53276/sc/4/a2.htm""><img src=""http://da.feedsportal.com/r/219133324279/u/49/f/647410/c/35028/s/43a53276/sc/4/a2.img"" border=""0""/></a><img width=""1"" height=""1"" src=""http://pi.feedsportal.com/r/219133324279/u/49/f/647410/c/35028/s/43a53276/sc/4/a2t.img"" border=""0""/><img src=""//feeds.feedburner.com/~r/Slashdot/slashdot/~4/RDeFWVfrNac"" height=""1"" width=""1"" alt=""""/>"
Ten Lies T-Mobile Told Me About My Data Plan,http://rss.slashdot.org/~r/Slashdot/slashdot/~3/bK0TN8JYUqo/story01.htm,"reifman (786887) writes ""Last June, my post ""Yes, You Can Spend $750 in International Data Roaming in One Minute on AT&amp;T"" was slashdotted and this led to T-Mobile CEO John Legere tweeting 'how crappy @ATT is' and welcoming me to the fold. Unfortunately, now it's TMobile that's having trouble tracking data; it seems to be related to the rollout of their new DataStash promotion. Just like AT&amp;T, they're blaming the customer. Here are the ten lies T-Mobile told me about my data usage today.""<p><div class=""share_submission"" style=""position:relative;""> <a class=""slashpop"" href=""http://twitter.com/home?status=Ten+Lies+T-Mobile+Told+Me+About+My+Data+Plan%3A+http%3A%2F%2Fbit.ly%2F18cOLgx""><img src=""http://a.fsdn.com/sd/twitter_icon_large.png""></a> <a class=""slashpop"" href=""http://www.facebook.com/sharer.php?u=http%3A%2F%2Fmobile.slashdot.org%2Fstory%2F15%2F02%2F21%2F146224%2Ften-lies-t-mobile-told-me-about-my-data-plan%3Futm_source%3Dslashdot%26utm_medium%3Dfacebook""><img src=""http://a.fsdn.com/sd/facebook_icon_large.png""></a> <a class=""nobg"" href=""http://plus.google.com/share?url=http://mobile.slashdot.org/story/15/02/21/146224/ten-lies-t-mobile-told-me-about-my-data-plan?utm_source=slashdot&amp;utm_medium=googleplus"" onclick=""javascript:window.open(this.href,'', 'menubar=no,toolbar=no,resizable=yes,scrollbars=yes,height=600,width=600');return false;""><img src=""http://www.gstatic.com/images/icons/gplus-16.png"" alt=""Share on Google+""/></a> </div></p><p><a href=""http://mobile.slashdot.org/story/15/02/21/146224/ten-lies-t-mobile-told-me-about-my-data-plan?utm_source=rss1.0moreanon&amp;utm_medium=feed"">Read more of this story</a> at Slashdot.</p><iframe src=""http://slashdot.org/slashdot-it.pl?op=discuss&amp;id=6998301&amp;smallembed=1"" style=""height: 300px; width: 100%; border: none;""></iframe><img width='1' height='1' src='http://slashdot.feedsportal.com/c/35028/f/647410/s/43a4b7cf/sc/28/mf.gif' border='0'/><br clear='all'/><br/><br/><a href=""http://da.feedsportal.com/r/219133323159/u/49/f/647410/c/35028/s/43a4b7cf/sc/28/rc/1/rc.htm"" rel=""nofollow""><img src=""http://da.feedsportal.com/r/219133323159/u/49/f/647410/c/35028/s/43a4b7cf/sc/28/rc/1/rc.img"" border=""0""/></a><br/><a href=""http://da.feedsportal.com/r/219133323159/u/49/f/647410/c/35028/s/43a4b7cf/sc/28/rc/2/rc.htm"" rel=""nofollow""><img src=""http://da.feedsportal.com/r/219133323159/u/49/f/647410/c/35028/s/43a4b7cf/sc/28/rc/2/rc.img"" border=""0""/></a><br/><a href=""http://da.feedsportal.com/r/219133323159/u/49/f/647410/c/35028/s/43a4b7cf/sc/28/rc/3/rc.htm"" rel=""nofollow""><img src=""http://da.feedsportal.com/r/219133323159/u/49/f/647410/c/35028/s/43a4b7cf/sc/28/rc/3/rc.img"" border=""0""/></a><br/><br/><a href=""http://da.feedsportal.com/r/219133323159/u/49/f/647410/c/35028/s/43a4b7cf/sc/28/a2.htm""><img src=""http://da.feedsportal.com/r/219133323159/u/49/f/647410/c/35028/s/43a4b7cf/sc/28/a2.img"" border=""0""/></a><img width=""1"" height=""1"" src=""http://pi.feedsportal.com/r/219133323159/u/49/f/647410/c/35028/s/43a4b7cf/sc/28/a2t.img"" border=""0""/><img src=""//feeds.feedburner.com/~r/Slashdot/slashdot/~4/bK0TN8JYUqo"" height=""1"" width=""1"" alt=""""/>"
Homeland Security Urges Lenovo Customers To Remove Superfish,http://rss.slashdot.org/~r/Slashdot/slashdot/~3/6VT0hQ5JtNY/story01.htm,"HughPickens.com (3830033) writes ""Reuters reports that the US Department of Homeland Security has advised Lenovo customers to remove ""Superfish"" software from their computers. According to an alert released through its National Cyber Awareness System the software makes users vulnerable to SSL spoofing and could allow a remote attacker to read encrypted web browser traffic, spoof websites and perform other attacks on Lenovo PCs with the software installed. Lenovo inititally said it stopped shipping the software because of complaints about features, not a security vulnerability. ""We have thoroughly investigated this technology and do not find any evidence to substantiate security concerns,"" the company said in a statement to Reuters early on Thursday. On Friday, Lenovo spokesman Brion Tingler said the company's initial findings were flawed and that it was now advising customers to remove the software and providing instructions for uninstalling ""Superfish"". ""We should have known about this sooner,"" Tingler said in an email. ""And if we could go back, we never would have installed this software on our machines. But we can't, so we are dealing with this head on.""""<p><div class=""share_submission"" style=""position:relative;""> <a class=""slashpop"" href=""http://twitter.com/home?status=Homeland+Security+Urges+Lenovo+Customers+To+Remove+Superfish%3A+http%3A%2F%2Fbit.ly%2F1Lpxgrg""><img src=""http://a.fsdn.com/sd/twitter_icon_large.png""></a> <a class=""slashpop"" href=""http://www.facebook.com/sharer.php?u=http%3A%2F%2Fyro.slashdot.org%2Fstory%2F15%2F02%2F20%2F2357234%2Fhomeland-security-urges-lenovo-customers-to-remove-superfish%3Futm_source%3Dslashdot%26utm_medium%3Dfacebook""><img src=""http://a.fsdn.com/sd/facebook_icon_large.png""></a> <a class=""nobg"" href=""http://plus.google.com/share?url=http://yro.slashdot.org/story/15/02/20/2357234/homeland-security-urges-lenovo-customers-to-remove-superfish?utm_source=slashdot&amp;utm_medium=googleplus"" onclick=""javascript:window.open(this.href,'', 'menubar=no,toolbar=no,resizable=yes,scrollbars=yes,height=600,width=600');return false;""><img src=""http://www.gstatic.com/images/icons/gplus-16.png"" alt=""Share on Google+""/></a> </div></p><p><a href=""http://yro.slashdot.org/story/15/02/20/2357234/homeland-security-urges-lenovo-customers-to-remove-superfish?utm_source=rss1.0moreanon&amp;utm_medium=feed"">Read more of this story</a> at Slashdot.</p><iframe src=""http://slashdot.org/slashdot-it.pl?op=discuss&amp;id=6995429&amp;smallembed=1"" style=""height: 300px; width: 100%; border: none;""></iframe><img width='1' height='1' src='http://slashdot.feedsportal.com/c/35028/f/647410/s/43a3f8f3/sc/4/mf.gif' border='0'/><br clear='all'/><br/><br/><a href=""http://da.feedsportal.com/r/219133322121/u/49/f/647410/c/35028/s/43a3f8f3/sc/4/rc/1/rc.htm"" rel=""nofollow""><img src=""http://da.feedsportal.com/r/219133322121/u/49/f/647410/c/35028/s/43a3f8f3/sc/4/rc/1/rc.img"" border=""0""/></a><br/><a href=""http://da.feedsportal.com/r/219133322121/u/49/f/647410/c/35028/s/43a3f8f3/sc/4/rc/2/rc.htm"" rel=""nofollow""><img src=""http://da.feedsportal.com/r/219133322121/u/49/f/647410/c/35028/s/43a3f8f3/sc/4/rc/2/rc.img"" border=""0""/></a><br/><a href=""http://da.feedsportal.com/r/219133322121/u/49/f/647410/c/35028/s/43a3f8f3/sc/4/rc/3/rc.htm"" rel=""nofollow""><img src=""http://da.feedsportal.com/r/219133322121/u/49/f/647410/c/35028/s/43a3f8f3/sc/4/rc/3/rc.img"" border=""0""/></a><br/><br/><a href=""http://da.feedsportal.com/r/219133322121/u/49/f/647410/c/35028/s/43a3f8f3/sc/4/a2.htm""><img src=""http://da.feedsportal.com/r/219133322121/u/49/f/647410/c/35028/s/43a3f8f3/sc/4/a2.img"" border=""0""/></a><img width=""1"" height=""1"" src=""http://pi.feedsportal.com/r/219133322121/u/49/f/647410/c/35028/s/43a3f8f3/sc/4/a2t.img"" border=""0""/><img src=""//feeds.feedburner.com/~r/Slashdot/slashdot/~4/6VT0hQ5JtNY"" height=""1"" width=""1"" alt=""""/>"
"The Best, and Worst, Places To Drive Your Electric Car",http://rss.slashdot.org/~r/Slashdot/slashdot/~3/qk_7zbzT7t8/story01.htm,"sciencehabit writes For those tired of winter, you're not alone. Electric cars hate the cold, too. Researchers have conducted the first investigation into how electric vehicles fare in different U.S. climates. The verdict (abstract): Electric car buyers in the chilly Midwest and sizzling Southwest get less bang for their buck, where poor energy efficiency and coal power plants unite to turn electric vehicles into bigger polluters.<p><div class=""share_submission"" style=""position:relative;""> <a class=""slashpop"" href=""http://twitter.com/home?status=The+Best%2C+and+Worst%2C+Places+To+Drive+Your+Electric+Car%3A+http%3A%2F%2Fbit.ly%2F1EAJ1qN""><img src=""http://a.fsdn.com/sd/twitter_icon_large.png""></a> <a class=""slashpop"" href=""http://www.facebook.com/sharer.php?u=http%3A%2F%2Ftech.slashdot.org%2Fstory%2F15%2F02%2F21%2F0246204%2Fthe-best-and-worst-places-to-drive-your-electric-car%3Futm_source%3Dslashdot%26utm_medium%3Dfacebook""><img src=""http://a.fsdn.com/sd/facebook_icon_large.png""></a> <a class=""nobg"" href=""http://plus.google.com/share?url=http://tech.slashdot.org/story/15/02/21/0246204/the-best-and-worst-places-to-drive-your-electric-car?utm_source=slashdot&amp;utm_medium=googleplus"" onclick=""javascript:window.open(this.href,'', 'menubar=no,toolbar=no,resizable=yes,scrollbars=yes,height=600,width=600');return false;""><img src=""http://www.gstatic.com/images/icons/gplus-16.png"" alt=""Share on Google+""/></a> </div></p><p><a href=""http://tech.slashdot.org/story/15/02/21/0246204/the-best-and-worst-places-to-drive-your-electric-car?utm_source=rss1.0moreanon&amp;utm_medium=feed"">Read more of this story</a> at Slashdot.</p><iframe src=""http://slashdot.org/slashdot-it.pl?op=discuss&amp;id=6995791&amp;smallembed=1"" style=""height: 300px; width: 100%; border: none;""></iframe><img width='1' height='1' src='http://slashdot.feedsportal.com/c/35028/f/647410/s/43a2e66f/sc/29/mf.gif' border='0'/><br clear='all'/><br/><br/><a href=""http://da.feedsportal.com/r/218612088632/u/49/f/647410/c/35028/s/43a2e66f/sc/29/rc/1/rc.htm"" rel=""nofollow""><img src=""http://da.feedsportal.com/r/218612088632/u/49/f/647410/c/35028/s/43a2e66f/sc/29/rc/1/rc.img"" border=""0""/></a><br/><a href=""http://da.feedsportal.com/r/218612088632/u/49/f/647410/c/35028/s/43a2e66f/sc/29/rc/2/rc.htm"" rel=""nofollow""><img src=""http://da.feedsportal.com/r/218612088632/u/49/f/647410/c/35028/s/43a2e66f/sc/29/rc/2/rc.img"" border=""0""/></a><br/><a href=""http://da.feedsportal.com/r/218612088632/u/49/f/647410/c/35028/s/43a2e66f/sc/29/rc/3/rc.htm"" rel=""nofollow""><img src=""http://da.feedsportal.com/r/218612088632/u/49/f/647410/c/35028/s/43a2e66f/sc/29/rc/3/rc.img"" border=""0""/></a><br/><br/><a href=""http://da.feedsportal.com/r/218612088632/u/49/f/647410/c/35028/s/43a2e66f/sc/29/a2.htm""><img src=""http://da.feedsportal.com/r/218612088632/u/49/f/647410/c/35028/s/43a2e66f/sc/29/a2.img"" border=""0""/></a><img width=""1"" height=""1"" src=""http://pi.feedsportal.com/r/218612088632/u/49/f/647410/c/35028/s/43a2e66f/sc/29/a2t.img"" border=""0""/><img src=""//feeds.feedburner.com/~r/Slashdot/slashdot/~4/qk_7zbzT7t8"" height=""1"" width=""1"" alt=""""/>"
Crystal Pattern Matching Recovers Obliterated Serial Numbers From Metal,http://rss.slashdot.org/~r/Slashdot/slashdot/~3/QiXieJdn0xM/story01.htm,"chicksdaddy writes Criminals beware: researchers at the National Institute of Standards and Technology (NIST) have figured out how to recover serial numbers obliterated from metal surfaces such as firearms and automobiles &mdash; a common problem in forensic examinations. According to this report, NIST researchers used a technique called electron backscatter diffraction (EBSD) to read, in the crystal structure pattern, imprints on steel that had been removed by polishing. ... The more perfect the crystal structure, the stronger and clearer the pattern. Software can then calculate the pattern quality to reveal crystal damage; areas with more damage produce lower quality patterns. In the NIST experiments, described in Forensic Science International, researchers hammered the letter 'X' into a polished stainless steel plate. The letter stamps were as deep as 140 micrometers, meeting federal regulations for firearm serial numbers. The researchers then polished the metal again to remove all visible traces of the letters, and collected the EBSD diffraction patterns and pattern quality data and analyzed them for evidence of the imprints.<p><div class=""share_submission"" style=""position:relative;""> <a class=""slashpop"" href=""http://twitter.com/home?status=Crystal+Pattern+Matching+Recovers+Obliterated+Serial+Numbers+From+Metal%3A+http%3A%2F%2Fbit.ly%2F1Au9h5q""><img src=""http://a.fsdn.com/sd/twitter_icon_large.png""></a> <a class=""slashpop"" href=""http://www.facebook.com/sharer.php?u=http%3A%2F%2Fscience.slashdot.org%2Fstory%2F15%2F02%2F21%2F084224%2Fcrystal-pattern-matching-recovers-obliterated-serial-numbers-from-metal%3Futm_source%3Dslashdot%26utm_medium%3Dfacebook""><img src=""http://a.fsdn.com/sd/facebook_icon_large.png""></a> <a class=""nobg"" href=""http://plus.google.com/share?url=http://science.slashdot.org/story/15/02/21/084224/crystal-pattern-matching-recovers-obliterated-serial-numbers-from-metal?utm_source=slashdot&amp;utm_medium=googleplus"" onclick=""javascript:window.open(this.href,'', 'menubar=no,toolbar=no,resizable=yes,scrollbars=yes,height=600,width=600');return false;""><img src=""http://www.gstatic.com/images/icons/gplus-16.png"" alt=""Share on Google+""/></a> </div></p><p><a href=""http://science.slashdot.org/story/15/02/21/084224/crystal-pattern-matching-recovers-obliterated-serial-numbers-from-metal?utm_source=rss1.0moreanon&amp;utm_medium=feed"">Read more of this story</a> at Slashdot.</p><iframe src=""http://slashdot.org/slashdot-it.pl?op=discuss&amp;id=6997013&amp;smallembed=1"" style=""height: 300px; width: 100%; border: none;""></iframe><img width='1' height='1' src='http://slashdot.feedsportal.com/c/35028/f/647410/s/43a21c60/sc/4/mf.gif' border='0'/><br clear='all'/><br/><br/><a href=""http://da.feedsportal.com/r/218612077977/u/49/f/647410/c/35028/s/43a21c60/sc/4/rc/1/rc.htm"" rel=""nofollow""><img src=""http://da.feedsportal.com/r/218612077977/u/49/f/647410/c/35028/s/43a21c60/sc/4/rc/1/rc.img"" border=""0""/></a><br/><a href=""http://da.feedsportal.com/r/218612077977/u/49/f/647410/c/35028/s/43a21c60/sc/4/rc/2/rc.htm"" rel=""nofollow""><img src=""http://da.feedsportal.com/r/218612077977/u/49/f/647410/c/35028/s/43a21c60/sc/4/rc/2/rc.img"" border=""0""/></a><br/><a href=""http://da.feedsportal.com/r/218612077977/u/49/f/647410/c/35028/s/43a21c60/sc/4/rc/3/rc.htm"" rel=""nofollow""><img src=""http://da.feedsportal.com/r/218612077977/u/49/f/647410/c/35028/s/43a21c60/sc/4/rc/3/rc.img"" border=""0""/></a><br/><br/><a href=""http://da.feedsportal.com/r/218612077977/u/49/f/647410/c/35028/s/43a21c60/sc/4/a2.htm""><img src=""http://da.feedsportal.com/r/218612077977/u/49/f/647410/c/35028/s/43a21c60/sc/4/a2.img"" border=""0""/></a><img width=""1"" height=""1"" src=""http://pi.feedsportal.com/r/218612077977/u/49/f/647410/c/35028/s/43a21c60/sc/4/a2t.img"" border=""0""/><img src=""//feeds.feedburner.com/~r/Slashdot/slashdot/~4/QiXieJdn0xM"" height=""1"" width=""1"" alt=""""/>"
The Robots That Will Put Coders Out of Work,http://rss.slashdot.org/~r/Slashdot/slashdot/~3/2jGzMORvYpA/story01.htm,"snydeq writes Researchers warn that a glut of code is coming that will depress wages and turn coders into Uber drivers, InfoWorld reports. ""The researchers &mdash; Boston University's Seth Benzell, Laurence Kotlikoff, and Guillermo LaGarda, and Columbia University's Jeffrey Sachs &mdash; aren't predicting some silly, Terminator-like robot apocalypse. What they are saying is that our economy is entering a new type of boom-and-bust cycle that accelerates the production of new products and new code so rapidly that supply outstrips demand. The solution to that shortage will be to figure out how not to need those hard-to-find human experts. In fact, it's already happening in some areas.""<p><div class=""share_submission"" style=""position:relative;""> <a class=""slashpop"" href=""http://twitter.com/home?status=The+Robots+That+Will+Put+Coders+Out+of+Work%3A+http%3A%2F%2Fbit.ly%2F1zUJvUf""><img src=""http://a.fsdn.com/sd/twitter_icon_large.png""></a> <a class=""slashpop"" href=""http://www.facebook.com/sharer.php?u=http%3A%2F%2Fdevelopers.slashdot.org%2Fstory%2F15%2F02%2F21%2F0142230%2Fthe-robots-that-will-put-coders-out-of-work%3Futm_source%3Dslashdot%26utm_medium%3Dfacebook""><img src=""http://a.fsdn.com/sd/facebook_icon_large.png""></a> <a class=""nobg"" href=""http://plus.google.com/share?url=http://developers.slashdot.org/story/15/02/21/0142230/the-robots-that-will-put-coders-out-of-work?utm_source=slashdot&amp;utm_medium=googleplus"" onclick=""javascript:window.open(this.href,'', 'menubar=no,toolbar=no,resizable=yes,scrollbars=yes,height=600,width=600');return false;""><img src=""http://www.gstatic.com/images/icons/gplus-16.png"" alt=""Share on Google+""/></a> </div></p><p><a href=""http://developers.slashdot.org/story/15/02/21/0142230/the-robots-that-will-put-coders-out-of-work?utm_source=rss1.0moreanon&amp;utm_medium=feed"">Read more of this story</a> at Slashdot.</p><iframe src=""http://slashdot.org/slashdot-it.pl?op=discuss&amp;id=6995655&amp;smallembed=1"" style=""height: 300px; width: 100%; border: none;""></iframe><img width='1' height='1' src='http://slashdot.feedsportal.com/c/35028/f/647410/s/43a10910/sc/4/mf.gif' border='0'/><br clear='all'/><br/><br/><a href=""http://da.feedsportal.com/r/218611962211/u/49/f/647410/c/35028/s/43a10910/sc/4/rc/1/rc.htm"" rel=""nofollow""><img src=""http://da.feedsportal.com/r/218611962211/u/49/f/647410/c/35028/s/43a10910/sc/4/rc/1/rc.img"" border=""0""/></a><br/><a href=""http://da.feedsportal.com/r/218611962211/u/49/f/647410/c/35028/s/43a10910/sc/4/rc/2/rc.htm"" rel=""nofollow""><img src=""http://da.feedsportal.com/r/218611962211/u/49/f/647410/c/35028/s/43a10910/sc/4/rc/2/rc.img"" border=""0""/></a><br/><a href=""http://da.feedsportal.com/r/218611962211/u/49/f/647410/c/35028/s/43a10910/sc/4/rc/3/rc.htm"" rel=""nofollow""><img src=""http://da.feedsportal.com/r/218611962211/u/49/f/647410/c/35028/s/43a10910/sc/4/rc/3/rc.img"" border=""0""/></a><br/><br/><a href=""http://da.feedsportal.com/r/218611962211/u/49/f/647410/c/35028/s/43a10910/sc/4/a2.htm""><img src=""http://da.feedsportal.com/r/218611962211/u/49/f/647410/c/35028/s/43a10910/sc/4/a2.img"" border=""0""/></a><img width=""1"" height=""1"" src=""http://pi.feedsportal.com/r/218611962211/u/49/f/647410/c/35028/s/43a10910/sc/4/a2t.img"" border=""0""/><img src=""//feeds.feedburner.com/~r/Slashdot/slashdot/~4/2jGzMORvYpA"" height=""1"" width=""1"" alt=""""/>"
"No Tech Bubble Here, Says CNN: ""This Time It's Different.""",http://rss.slashdot.org/~r/Slashdot/slashdot/~3/S4-aFZCBev8/story01.htm,"ErichTheRed writes I saw this on the Money page of CNN today. Apparently, various stock analysts have declared that this run-up in stock prices is different than the 1999 version. OK, we don't have the pets.com sock puppet, Webvan or theglobe.com anymore, but when Uber is given a valuation of $40 billion, can a crash be far behind?<p><div class=""share_submission"" style=""position:relative;""> <a class=""slashpop"" href=""http://twitter.com/home?status=No+Tech+Bubble+Here%2C+Says+CNN%3A+%22This+Time+It's+Different.%22%3A+http%3A%2F%2Fbit.ly%2F1w7hP3E""><img src=""http://a.fsdn.com/sd/twitter_icon_large.png""></a> <a class=""slashpop"" href=""http://www.facebook.com/sharer.php?u=http%3A%2F%2Ftech.slashdot.org%2Fstory%2F15%2F02%2F21%2F0027245%2Fno-tech-bubble-here-says-cnn-this-time-its-different%3Futm_source%3Dslashdot%26utm_medium%3Dfacebook""><img src=""http://a.fsdn.com/sd/facebook_icon_large.png""></a> <a class=""nobg"" href=""http://plus.google.com/share?url=http://tech.slashdot.org/story/15/02/21/0027245/no-tech-bubble-here-says-cnn-this-time-its-different?utm_source=slashdot&amp;utm_medium=googleplus"" onclick=""javascript:window.open(this.href,'', 'menubar=no,toolbar=no,resizable=yes,scrollbars=yes,height=600,width=600');return false;""><img src=""http://www.gstatic.com/images/icons/gplus-16.png"" alt=""Share on Google+""/></a> </div></p><p><a href=""http://tech.slashdot.org/story/15/02/21/0027245/no-tech-bubble-here-says-cnn-this-time-its-different?utm_source=rss1.0moreanon&amp;utm_medium=feed"">Read more of this story</a> at Slashdot.</p><iframe src=""http://slashdot.org/slashdot-it.pl?op=discuss&amp;id=6995491&amp;smallembed=1"" style=""height: 300px; width: 100%; border: none;""></iframe><img width='1' height='1' src='http://slashdot.feedsportal.com/c/35028/f/647410/s/439fe187/sc/36/mf.gif' border='0'/><br clear='all'/><br/><br/><a href=""http://da.feedsportal.com/r/218612072881/u/49/f/647410/c/35028/s/439fe187/sc/36/rc/1/rc.htm"" rel=""nofollow""><img src=""http://da.feedsportal.com/r/218612072881/u/49/f/647410/c/35028/s/439fe187/sc/36/rc/1/rc.img"" border=""0""/></a><br/><a href=""http://da.feedsportal.com/r/218612072881/u/49/f/647410/c/35028/s/439fe187/sc/36/rc/2/rc.htm"" rel=""nofollow""><img src=""http://da.feedsportal.com/r/218612072881/u/49/f/647410/c/35028/s/439fe187/sc/36/rc/2/rc.img"" border=""0""/></a><br/><a href=""http://da.feedsportal.com/r/218612072881/u/49/f/647410/c/35028/s/439fe187/sc/36/rc/3/rc.htm"" rel=""nofollow""><img src=""http://da.feedsportal.com/r/218612072881/u/49/f/647410/c/35028/s/439fe187/sc/36/rc/3/rc.img"" border=""0""/></a><br/><br/><a href=""http://da.feedsportal.com/r/218612072881/u/49/f/647410/c/35028/s/439fe187/sc/36/a2.htm""><img src=""http://da.feedsportal.com/r/218612072881/u/49/f/647410/c/35028/s/439fe187/sc/36/a2.img"" border=""0""/></a><img width=""1"" height=""1"" src=""http://pi.feedsportal.com/r/218612072881/u/49/f/647410/c/35028/s/439fe187/sc/36/a2t.img"" border=""0""/><img src=""//feeds.feedburner.com/~r/Slashdot/slashdot/~4/S4-aFZCBev8"" height=""1"" width=""1"" alt=""""/>"
Australian ISPs To Introduce '3-Strike' Style Anti-piracy Scheme,http://rss.slashdot.org/~r/Slashdot/slashdot/~3/rMrzJ4HDBhw/story01.htm,"angry tapir writes Australian ISPs are considering a draft industry code, developed in response to government threats to step in and do it for them, that will implement a 'three notice' scheme for alleged copyright infringement. If an ISP customer gets three notices in 12 months, a rights holder can go to court to obtain their details and potentially take legal action against them. (The other part of the government's copyright crackdown is the introduction of a scheme to have pirate websites blocked &mdash; the government has yet to introduce the legislation for it, however.)<p><div class=""share_submission"" style=""position:relative;""> <a class=""slashpop"" href=""http://twitter.com/home?status=Australian+ISPs+To+Introduce+'3-Strike'+Style+Anti-piracy+Scheme%3A+http%3A%2F%2Fbit.ly%2F1z5PUf6""><img src=""http://a.fsdn.com/sd/twitter_icon_large.png""></a> <a class=""slashpop"" href=""http://www.facebook.com/sharer.php?u=http%3A%2F%2Fyro.slashdot.org%2Fstory%2F15%2F02%2F20%2F2329239%2Faustralian-isps-to-introduce-3-strike-style-anti-piracy-scheme%3Futm_source%3Dslashdot%26utm_medium%3Dfacebook""><img src=""http://a.fsdn.com/sd/facebook_icon_large.png""></a> <a class=""nobg"" href=""http://plus.google.com/share?url=http://yro.slashdot.org/story/15/02/20/2329239/australian-isps-to-introduce-3-strike-style-anti-piracy-scheme?utm_source=slashdot&amp;utm_medium=googleplus"" onclick=""javascript:window.open(this.href,'', 'menubar=no,toolbar=no,resizable=yes,scrollbars=yes,height=600,width=600');return false;""><img src=""http://www.gstatic.com/images/icons/gplus-16.png"" alt=""Share on Google+""/></a> </div></p><p><a href=""http://yro.slashdot.org/story/15/02/20/2329239/australian-isps-to-introduce-3-strike-style-anti-piracy-scheme?utm_source=rss1.0moreanon&amp;utm_medium=feed"">Read more of this story</a> at Slashdot.</p><iframe src=""http://slashdot.org/slashdot-it.pl?op=discuss&amp;id=6995373&amp;smallembed=1"" style=""height: 300px; width: 100%; border: none;""></iframe><img width='1' height='1' src='http://slashdot.feedsportal.com/c/35028/f/647410/s/439fd54b/sc/4/mf.gif' border='0'/><br clear='all'/><br/><br/><a href=""http://da.feedsportal.com/r/218612072059/u/49/f/647410/c/35028/s/439fd54b/sc/4/rc/1/rc.htm"" rel=""nofollow""><img src=""http://da.feedsportal.com/r/218612072059/u/49/f/647410/c/35028/s/439fd54b/sc/4/rc/1/rc.img"" border=""0""/></a><br/><a href=""http://da.feedsportal.com/r/218612072059/u/49/f/647410/c/35028/s/439fd54b/sc/4/rc/2/rc.htm"" rel=""nofollow""><img src=""http://da.feedsportal.com/r/218612072059/u/49/f/647410/c/35028/s/439fd54b/sc/4/rc/2/rc.img"" border=""0""/></a><br/><a href=""http://da.feedsportal.com/r/218612072059/u/49/f/647410/c/35028/s/439fd54b/sc/4/rc/3/rc.htm"" rel=""nofollow""><img src=""http://da.feedsportal.com/r/218612072059/u/49/f/647410/c/35028/s/439fd54b/sc/4/rc/3/rc.img"" border=""0""/></a><br/><br/><a href=""http://da.feedsportal.com/r/218612072059/u/49/f/647410/c/35028/s/439fd54b/sc/4/a2.htm""><img src=""http://da.feedsportal.com/r/218612072059/u/49/f/647410/c/35028/s/439fd54b/sc/4/a2.img"" border=""0""/></a><img width=""1"" height=""1"" src=""http://pi.feedsportal.com/r/218612072059/u/49/f/647410/c/35028/s/439fd54b/sc/4/a2t.img"" border=""0""/><img src=""//feeds.feedburner.com/~r/Slashdot/slashdot/~4/rMrzJ4HDBhw"" height=""1"" width=""1"" alt=""""/>"
Why Sony Should Ditch Everything But the PlayStation,http://rss.slashdot.org/~r/Slashdot/slashdot/~3/xtRUzW_MmLw/story01.htm,"An anonymous reader writes: A couple weeks ago, we were surprised by news that Sony was spinning off its game development studio. More recently, the company has been thinking about exiting both the mobile phone market and the TV market. An opinion piece suggests Sony shouldn't stop there, focusing more on the its PlayStation division and a few other areas &mdash; and giving up on the rest. ""Continuing to concentrate on phones and other products actually makes the PlayStation experience worse for most people. Take the PS4's ability to stream games to mobile devices &mdash; a killer feature needlessly limited to the PS Vita and Sony's Xperia Android line. Why can't I play Destiny on my iPad when the TV's occupied? The iOS PlayStation app, meanwhile, is a confusing mess that hasn't even been updated for the iPhone 6. These sound like minor points, but imagine what Sony could do if everyone at the company were focused on making its most important product as good as possible. As Microsoft is learning with its recent iOS and Android experiments, you have to serve the customers where they already are.""<p><div class=""share_submission"" style=""position:relative;""> <a class=""slashpop"" href=""http://twitter.com/home?status=Why+Sony+Should+Ditch+Everything+But+the+PlayStation%3A+http%3A%2F%2Fbit.ly%2F1CTPdrp""><img src=""http://a.fsdn.com/sd/twitter_icon_large.png""></a> <a class=""slashpop"" href=""http://www.facebook.com/sharer.php?u=http%3A%2F%2Fgames.slashdot.org%2Fstory%2F15%2F02%2F20%2F2225216%2Fwhy-sony-should-ditch-everything-but-the-playstation%3Futm_source%3Dslashdot%26utm_medium%3Dfacebook""><img src=""http://a.fsdn.com/sd/facebook_icon_large.png""></a> <a class=""nobg"" href=""http://plus.google.com/share?url=http://games.slashdot.org/story/15/02/20/2225216/why-sony-should-ditch-everything-but-the-playstation?utm_source=slashdot&amp;utm_medium=googleplus"" onclick=""javascript:window.open(this.href,'', 'menubar=no,toolbar=no,resizable=yes,scrollbars=yes,height=600,width=600');return false;""><img src=""http://www.gstatic.com/images/icons/gplus-16.png"" alt=""Share on Google+""/></a> </div></p><p><a href=""http://games.slashdot.org/story/15/02/20/2225216/why-sony-should-ditch-everything-but-the-playstation?utm_source=rss1.0moreanon&amp;utm_medium=feed"">Read more of this story</a> at Slashdot.</p><iframe src=""http://slashdot.org/slashdot-it.pl?op=discuss&amp;id=6995217&amp;smallembed=1"" style=""height: 300px; width: 100%; border: none;""></iframe><img width='1' height='1' src='http://slashdot.feedsportal.com/c/35028/f/647410/s/439f48cd/sc/4/mf.gif' border='0'/><br clear='all'/><br/><br/><a href=""http://da.feedsportal.com/r/218611958107/u/49/f/647410/c/35028/s/439f48cd/sc/4/rc/1/rc.htm"" rel=""nofollow""><img src=""http://da.feedsportal.com/r/218611958107/u/49/f/647410/c/35028/s/439f48cd/sc/4/rc/1/rc.img"" border=""0""/></a><br/><a href=""http://da.feedsportal.com/r/218611958107/u/49/f/647410/c/35028/s/439f48cd/sc/4/rc/2/rc.htm"" rel=""nofollow""><img src=""http://da.feedsportal.com/r/218611958107/u/49/f/647410/c/35028/s/439f48cd/sc/4/rc/2/rc.img"" border=""0""/></a><br/><a href=""http://da.feedsportal.com/r/218611958107/u/49/f/647410/c/35028/s/439f48cd/sc/4/rc/3/rc.htm"" rel=""nofollow""><img src=""http://da.feedsportal.com/r/218611958107/u/49/f/647410/c/35028/s/439f48cd/sc/4/rc/3/rc.img"" border=""0""/></a><br/><br/><a href=""http://da.feedsportal.com/r/218611958107/u/49/f/647410/c/35028/s/439f48cd/sc/4/a2.htm""><img src=""http://da.feedsportal.com/r/218611958107/u/49/f/647410/c/35028/s/439f48cd/sc/4/a2.img"" border=""0""/></a><img width=""1"" height=""1"" src=""http://pi.feedsportal.com/r/218611958107/u/49/f/647410/c/35028/s/439f48cd/sc/4/a2t.img"" border=""0""/><img src=""//feeds.feedburner.com/~r/Slashdot/slashdot/~4/xtRUzW_MmLw"" height=""1"" width=""1"" alt=""""/>"
US State Department Can't Get Rid of Email Hackers,http://rss.slashdot.org/~r/Slashdot/slashdot/~3/VMaF8qajq3A/story01.htm,"An anonymous reader sends this quote from a Wall Street Journal report: Three months after the State Department confirmed hackers breached its unclassified email system, the government still hasn't been able to evict them from the network, say three people familiar with the investigation. Government officials, assisted by outside contractors and the National Security Agency, have repeatedly scanned the network and taken some systems offline. But investigators still see signs of the hackers on State Department computers, the people familiar with the matter said. Each time investigators find a hacker tool and block it, these people said, the intruders tweak it slightly to attempt to sneak past defenses. It isn't clear how much data the hackers have taken, the people said. They reaffirmed what the State Department said in November: that the hackers appear to have access only to unclassified email. Still, unclassified material can contain sensitive intelligence.<p><div class=""share_submission"" style=""position:relative;""> <a class=""slashpop"" href=""http://twitter.com/home?status=US+State+Department+Can't+Get+Rid+of+Email+Hackers%3A+http%3A%2F%2Fbit.ly%2F1vm7oIT""><img src=""http://a.fsdn.com/sd/twitter_icon_large.png""></a> <a class=""slashpop"" href=""http://www.facebook.com/sharer.php?u=http%3A%2F%2Fit.slashdot.org%2Fstory%2F15%2F02%2F20%2F2057205%2Fus-state-department-cant-get-rid-of-email-hackers%3Futm_source%3Dslashdot%26utm_medium%3Dfacebook""><img src=""http://a.fsdn.com/sd/facebook_icon_large.png""></a> <a class=""nobg"" href=""http://plus.google.com/share?url=http://it.slashdot.org/story/15/02/20/2057205/us-state-department-cant-get-rid-of-email-hackers?utm_source=slashdot&amp;utm_medium=googleplus"" onclick=""javascript:window.open(this.href,'', 'menubar=no,toolbar=no,resizable=yes,scrollbars=yes,height=600,width=600');return false;""><img src=""http://www.gstatic.com/images/icons/gplus-16.png"" alt=""Share on Google+""/></a> </div></p><p><a href=""http://it.slashdot.org/story/15/02/20/2057205/us-state-department-cant-get-rid-of-email-hackers?utm_source=rss1.0moreanon&amp;utm_medium=feed"">Read more of this story</a> at Slashdot.</p><iframe src=""http://slashdot.org/slashdot-it.pl?op=discuss&amp;id=6995011&amp;smallembed=1"" style=""height: 300px; width: 100%; border: none;""></iframe><img width='1' height='1' src='http://slashdot.feedsportal.com/c/35028/f/647410/s/439eb69e/sc/36/mf.gif' border='0'/><br clear='all'/><br/><br/><a href=""http://da.feedsportal.com/r/218611957477/u/49/f/647410/c/35028/s/439eb69e/sc/36/rc/1/rc.htm"" rel=""nofollow""><img src=""http://da.feedsportal.com/r/218611957477/u/49/f/647410/c/35028/s/439eb69e/sc/36/rc/1/rc.img"" border=""0""/></a><br/><a href=""http://da.feedsportal.com/r/218611957477/u/49/f/647410/c/35028/s/439eb69e/sc/36/rc/2/rc.htm"" rel=""nofollow""><img src=""http://da.feedsportal.com/r/218611957477/u/49/f/647410/c/35028/s/439eb69e/sc/36/rc/2/rc.img"" border=""0""/></a><br/><a href=""http://da.feedsportal.com/r/218611957477/u/49/f/647410/c/35028/s/439eb69e/sc/36/rc/3/rc.htm"" rel=""nofollow""><img src=""http://da.feedsportal.com/r/218611957477/u/49/f/647410/c/35028/s/439eb69e/sc/36/rc/3/rc.img"" border=""0""/></a><br/><br/><a href=""http://da.feedsportal.com/r/218611957477/u/49/f/647410/c/35028/s/439eb69e/sc/36/a2.htm""><img src=""http://da.feedsportal.com/r/218611957477/u/49/f/647410/c/35028/s/439eb69e/sc/36/a2.img"" border=""0""/></a><img width=""1"" height=""1"" src=""http://pi.feedsportal.com/r/218611957477/u/49/f/647410/c/35028/s/439eb69e/sc/36/a2t.img"" border=""0""/><img src=""//feeds.feedburner.com/~r/Slashdot/slashdot/~4/VMaF8qajq3A"" height=""1"" width=""1"" alt=""""/>"
Also Hackable: Drive-Through Car Washes,http://rss.slashdot.org/~r/Slashdot/slashdot/~3/DfJno90T0oA/story01.htm,"PLAR writes It turns out LaserWash automatic car washes can be easily hacked via the Internet to get a free wash or to manipulate the machines that clean the cars, a security researcher has found. Billy Rios says these car washes have web interfaces with weak/default passwords which, if obtained, could allow an attacker to telnet in and use an HTTP GET request to control the machines. Rios adds that this probably isn't the only car wash brand that's vulnerable.<p><div class=""share_submission"" style=""position:relative;""> <a class=""slashpop"" href=""http://twitter.com/home?status=Also+Hackable%3A+Drive-Through+Car+Washes%3A+http%3A%2F%2Fbit.ly%2F1AYEZt9""><img src=""http://a.fsdn.com/sd/twitter_icon_large.png""></a> <a class=""slashpop"" href=""http://www.facebook.com/sharer.php?u=http%3A%2F%2Fit.slashdot.org%2Fstory%2F15%2F02%2F20%2F2046239%2Falso-hackable-drive-through-car-washes%3Futm_source%3Dslashdot%26utm_medium%3Dfacebook""><img src=""http://a.fsdn.com/sd/facebook_icon_large.png""></a> <a class=""nobg"" href=""http://plus.google.com/share?url=http://it.slashdot.org/story/15/02/20/2046239/also-hackable-drive-through-car-washes?utm_source=slashdot&amp;utm_medium=googleplus"" onclick=""javascript:window.open(this.href,'', 'menubar=no,toolbar=no,resizable=yes,scrollbars=yes,height=600,width=600');return false;""><img src=""http://www.gstatic.com/images/icons/gplus-16.png"" alt=""Share on Google+""/></a> </div></p><p><a href=""http://it.slashdot.org/story/15/02/20/2046239/also-hackable-drive-through-car-washes?utm_source=rss1.0moreanon&amp;utm_medium=feed"">Read more of this story</a> at Slashdot.</p><iframe src=""http://slashdot.org/slashdot-it.pl?op=discuss&amp;id=6994965&amp;smallembed=1"" style=""height: 300px; width: 100%; border: none;""></iframe><img width='1' height='1' src='http://slashdot.feedsportal.com/c/35028/f/647410/s/439df8f9/sc/4/mf.gif' border='0'/><br clear='all'/><br/><br/><a href=""http://da.feedsportal.com/r/218611956452/u/49/f/647410/c/35028/s/439df8f9/sc/4/rc/1/rc.htm"" rel=""nofollow""><img src=""http://da.feedsportal.com/r/218611956452/u/49/f/647410/c/35028/s/439df8f9/sc/4/rc/1/rc.img"" border=""0""/></a><br/><a href=""http://da.feedsportal.com/r/218611956452/u/49/f/647410/c/35028/s/439df8f9/sc/4/rc/2/rc.htm"" rel=""nofollow""><img src=""http://da.feedsportal.com/r/218611956452/u/49/f/647410/c/35028/s/439df8f9/sc/4/rc/2/rc.img"" border=""0""/></a><br/><a href=""http://da.feedsportal.com/r/218611956452/u/49/f/647410/c/35028/s/439df8f9/sc/4/rc/3/rc.htm"" rel=""nofollow""><img src=""http://da.feedsportal.com/r/218611956452/u/49/f/647410/c/35028/s/439df8f9/sc/4/rc/3/rc.img"" border=""0""/></a><br/><br/><a href=""http://da.feedsportal.com/r/218611956452/u/49/f/647410/c/35028/s/439df8f9/sc/4/a2.htm""><img src=""http://da.feedsportal.com/r/218611956452/u/49/f/647410/c/35028/s/439df8f9/sc/4/a2.img"" border=""0""/></a><img width=""1"" height=""1"" src=""http://pi.feedsportal.com/r/218611956452/u/49/f/647410/c/35028/s/439df8f9/sc/4/a2t.img"" border=""0""/><img src=""//feeds.feedburner.com/~r/Slashdot/slashdot/~4/DfJno90T0oA"" height=""1"" width=""1"" alt=""""/>"
Rapid Test For Ebola Now Available,http://rss.slashdot.org/~r/Slashdot/slashdot/~3/GAUl_M8KibI/story01.htm,"sciencehabit writes: The World Health Organization (WHO) has approved the first rapid diagnostic test for Ebola. The test needs no electricity, requires just a few drops of blood from a finger prick, and can return results in 15 minutes. That will be a huge help to health workers in remote areas. Current PCR-based tests require a blood sample taken by needle, secure transport of the blood to a properly equipped laboratory with trained staff, and at least several hours to return results. Depending on how far away a suspected case is from a testing laboratory, it can take more than a day to receive test results.<p><div class=""share_submission"" style=""position:relative;""> <a class=""slashpop"" href=""http://twitter.com/home?status=Rapid+Test+For+Ebola+Now+Available%3A+http%3A%2F%2Fbit.ly%2F1GcNfpJ""><img src=""http://a.fsdn.com/sd/twitter_icon_large.png""></a> <a class=""slashpop"" href=""http://www.facebook.com/sharer.php?u=http%3A%2F%2Fscience.slashdot.org%2Fstory%2F15%2F02%2F20%2F2028219%2Frapid-test-for-ebola-now-available%3Futm_source%3Dslashdot%26utm_medium%3Dfacebook""><img src=""http://a.fsdn.com/sd/facebook_icon_large.png""></a> <a class=""nobg"" href=""http://plus.google.com/share?url=http://science.slashdot.org/story/15/02/20/2028219/rapid-test-for-ebola-now-available?utm_source=slashdot&amp;utm_medium=googleplus"" onclick=""javascript:window.open(this.href,'', 'menubar=no,toolbar=no,resizable=yes,scrollbars=yes,height=600,width=600');return false;""><img src=""http://www.gstatic.com/images/icons/gplus-16.png"" alt=""Share on Google+""/></a> </div></p><p><a href=""http://science.slashdot.org/story/15/02/20/2028219/rapid-test-for-ebola-now-available?utm_source=rss1.0moreanon&amp;utm_medium=feed"">Read more of this story</a> at Slashdot.</p><iframe src=""http://slashdot.org/slashdot-it.pl?op=discuss&amp;id=6994933&amp;smallembed=1"" style=""height: 300px; width: 100%; border: none;""></iframe><img width='1' height='1' src='http://slashdot.feedsportal.com/c/35028/f/647410/s/439e374b/sc/4/mf.gif' border='0'/><br clear='all'/><br/><br/><a href=""http://da.feedsportal.com/r/218612049204/u/49/f/647410/c/35028/s/439e374b/sc/4/rc/1/rc.htm"" rel=""nofollow""><img src=""http://da.feedsportal.com/r/218612049204/u/49/f/647410/c/35028/s/439e374b/sc/4/rc/1/rc.img"" border=""0""/></a><br/><a href=""http://da.feedsportal.com/r/218612049204/u/49/f/647410/c/35028/s/439e374b/sc/4/rc/2/rc.htm"" rel=""nofollow""><img src=""http://da.feedsportal.com/r/218612049204/u/49/f/647410/c/35028/s/439e374b/sc/4/rc/2/rc.img"" border=""0""/></a><br/><a href=""http://da.feedsportal.com/r/218612049204/u/49/f/647410/c/35028/s/439e374b/sc/4/rc/3/rc.htm"" rel=""nofollow""><img src=""http://da.feedsportal.com/r/218612049204/u/49/f/647410/c/35028/s/439e374b/sc/4/rc/3/rc.img"" border=""0""/></a><br/><br/><a href=""http://da.feedsportal.com/r/218612049204/u/49/f/647410/c/35028/s/439e374b/sc/4/a2.htm""><img src=""http://da.feedsportal.com/r/218612049204/u/49/f/647410/c/35028/s/439e374b/sc/4/a2.img"" border=""0""/></a><img width=""1"" height=""1"" src=""http://pi.feedsportal.com/r/218612049204/u/49/f/647410/c/35028/s/439e374b/sc/4/a2t.img"" border=""0""/><img src=""//feeds.feedburner.com/~r/Slashdot/slashdot/~4/GAUl_M8KibI"" height=""1"" width=""1"" alt=""""/>"
Why Hollywood Fudged the Relativity-Based Wormhole Scenes In Interstellar,http://rss.slashdot.org/~r/Slashdot/slashdot/~3/W3VG75oATZg/story01.htm,"KentuckyFC writes: When Christopher Nolan teamed up with physicist Kip Thorne of Caltech to discuss the science behind his movie Interstellar, the idea was that Thorne would bring some much-needed scientific gravitas to the all-important scenes involving travel through a wormhole. Indeed, Thorne used the equations of general relativity to calculate the various possible shapes of wormhole and how they would distort the view through it. A London-based special effects team then created footage of a far away galaxy as seen through such a wormhole. It showed the galaxy fantastically distorted as a result, just as relativity predicts. But when it came to travelling through a wormhole, Nolan was disappointed with the footage. The problem was that the view of the other side when travelling through a wormhole turns out to be visually indistinguishable from a conventional camera zoom and utterly unlike the impression Nolan wanted to portray, which was the sense of travelling through a shortcut from one part of the universe to another. So for the final cut, special effects artists had to add various animations to convey that impression. ""The end result was a sequence of shots that told a story comprehensible by a general audience while resembling the wormhole's interior,"" admit Thorne and colleagues in a paper they have published about wormhole science in the film. In other words, they had to fudge it. Nevertheless, Thorne is adamant that the visualisations should help to inspire a new generation of students of film-making and of relativity.<p><div class=""share_submission"" style=""position:relative;""> <a class=""slashpop"" href=""http://twitter.com/home?status=Why+Hollywood+Fudged+the+Relativity-Based+Wormhole+Scenes+In+Interstellar%3A+http%3A%2F%2Fbit.ly%2F188ahTm""><img src=""http://a.fsdn.com/sd/twitter_icon_large.png""></a> <a class=""slashpop"" href=""http://www.facebook.com/sharer.php?u=http%3A%2F%2Fscience.slashdot.org%2Fstory%2F15%2F02%2F20%2F1956237%2Fwhy-hollywood-fudged-the-relativity-based-wormhole-scenes-in-interstellar%3Futm_source%3Dslashdot%26utm_medium%3Dfacebook""><img src=""http://a.fsdn.com/sd/facebook_icon_large.png""></a> <a class=""nobg"" href=""http://plus.google.com/share?url=http://science.slashdot.org/story/15/02/20/1956237/why-hollywood-fudged-the-relativity-based-wormhole-scenes-in-interstellar?utm_source=slashdot&amp;utm_medium=googleplus"" onclick=""javascript:window.open(this.href,'', 'menubar=no,toolbar=no,resizable=yes,scrollbars=yes,height=600,width=600');return false;""><img src=""http://www.gstatic.com/images/icons/gplus-16.png"" alt=""Share on Google+""/></a> </div></p><p><a href=""http://science.slashdot.org/story/15/02/20/1956237/why-hollywood-fudged-the-relativity-based-wormhole-scenes-in-interstellar?utm_source=rss1.0moreanon&amp;utm_medium=feed"">Read more of this story</a> at Slashdot.</p><iframe src=""http://slashdot.org/slashdot-it.pl?op=discuss&amp;id=6994859&amp;smallembed=1"" style=""height: 300px; width: 100%; border: none;""></iframe><img width='1' height='1' src='http://slashdot.feedsportal.com/c/35028/f/647410/s/439daab9/sc/4/mf.gif' border='0'/><br clear='all'/><br/><br/><a href=""http://da.feedsportal.com/r/218612048905/u/49/f/647410/c/35028/s/439daab9/sc/4/rc/1/rc.htm"" rel=""nofollow""><img src=""http://da.feedsportal.com/r/218612048905/u/49/f/647410/c/35028/s/439daab9/sc/4/rc/1/rc.img"" border=""0""/></a><br/><a href=""http://da.feedsportal.com/r/218612048905/u/49/f/647410/c/35028/s/439daab9/sc/4/rc/2/rc.htm"" rel=""nofollow""><img src=""http://da.feedsportal.com/r/218612048905/u/49/f/647410/c/35028/s/439daab9/sc/4/rc/2/rc.img"" border=""0""/></a><br/><a href=""http://da.feedsportal.com/r/218612048905/u/49/f/647410/c/35028/s/439daab9/sc/4/rc/3/rc.htm"" rel=""nofollow""><img src=""http://da.feedsportal.com/r/218612048905/u/49/f/647410/c/35028/s/439daab9/sc/4/rc/3/rc.img"" border=""0""/></a><br/><br/><a href=""http://da.feedsportal.com/r/218612048905/u/49/f/647410/c/35028/s/439daab9/sc/4/a2.htm""><img src=""http://da.feedsportal.com/r/218612048905/u/49/f/647410/c/35028/s/439daab9/sc/4/a2.img"" border=""0""/></a><img width=""1"" height=""1"" src=""http://pi.feedsportal.com/r/218612048905/u/49/f/647410/c/35028/s/439daab9/sc/4/a2t.img"" border=""0""/><img src=""//feeds.feedburner.com/~r/Slashdot/slashdot/~4/W3VG75oATZg"" height=""1"" width=""1"" alt=""""/>"
Stephen Hawking: Biggest Human Failing Is Aggression,http://rss.slashdot.org/~r/Slashdot/slashdot/~3/hw5LgxYhtBo/story01.htm,"hypnosec writes: Aggression is the human failing that celebrity scientist Stephen Hawking would most like to correct, as it holds the potential to destroy human civilization. Hawking expressed his views while escorting Adaeze Uyanwah &mdash; London's Official Guest of Honor &mdash; around London's Science Museum. Uyanwah asked Hawking what human shortcomings he would alter, and which virtues he would enhance if this was possible. He replied, ""The human failing I would most like to correct is aggression. It may have had survival advantage in caveman days, to get more food, territory, or partner with whom to reproduce, but now it threatens to destroy us all. A major nuclear war would be the end of civilization, and maybe the end of the human race.""<p><div class=""share_submission"" style=""position:relative;""> <a class=""slashpop"" href=""http://twitter.com/home?status=Stephen+Hawking%3A+Biggest+Human+Failing+Is+Aggression%3A+http%3A%2F%2Fbit.ly%2F1z5yzmp""><img src=""http://a.fsdn.com/sd/twitter_icon_large.png""></a> <a class=""slashpop"" href=""http://www.facebook.com/sharer.php?u=http%3A%2F%2Fnews.slashdot.org%2Fstory%2F15%2F02%2F20%2F1816252%2Fstephen-hawking-biggest-human-failing-is-aggression%3Futm_source%3Dslashdot%26utm_medium%3Dfacebook""><img src=""http://a.fsdn.com/sd/facebook_icon_large.png""></a> <a class=""nobg"" href=""http://plus.google.com/share?url=http://news.slashdot.org/story/15/02/20/1816252/stephen-hawking-biggest-human-failing-is-aggression?utm_source=slashdot&amp;utm_medium=googleplus"" onclick=""javascript:window.open(this.href,'', 'menubar=no,toolbar=no,resizable=yes,scrollbars=yes,height=600,width=600');return false;""><img src=""http://www.gstatic.com/images/icons/gplus-16.png"" alt=""Share on Google+""/></a> </div></p><p><a href=""http://news.slashdot.org/story/15/02/20/1816252/stephen-hawking-biggest-human-failing-is-aggression?utm_source=rss1.0moreanon&amp;utm_medium=feed"">Read more of this story</a> at Slashdot.</p><iframe src=""http://slashdot.org/slashdot-it.pl?op=discuss&amp;id=6994543&amp;smallembed=1"" style=""height: 300px; width: 100%; border: none;""></iframe><img width='1' height='1' src='http://slashdot.feedsportal.com/c/35028/f/647410/s/439d2b3e/sc/32/mf.gif' border='0'/><br clear='all'/><br/><br/><a href=""http://da.feedsportal.com/r/218612074574/u/49/f/647410/c/35028/s/439d2b3e/sc/32/rc/1/rc.htm"" rel=""nofollow""><img src=""http://da.feedsportal.com/r/218612074574/u/49/f/647410/c/35028/s/439d2b3e/sc/32/rc/1/rc.img"" border=""0""/></a><br/><a href=""http://da.feedsportal.com/r/218612074574/u/49/f/647410/c/35028/s/439d2b3e/sc/32/rc/2/rc.htm"" rel=""nofollow""><img src=""http://da.feedsportal.com/r/218612074574/u/49/f/647410/c/35028/s/439d2b3e/sc/32/rc/2/rc.img"" border=""0""/></a><br/><a href=""http://da.feedsportal.com/r/218612074574/u/49/f/647410/c/35028/s/439d2b3e/sc/32/rc/3/rc.htm"" rel=""nofollow""><img src=""http://da.feedsportal.com/r/218612074574/u/49/f/647410/c/35028/s/439d2b3e/sc/32/rc/3/rc.img"" border=""0""/></a><br/><br/><a href=""http://da.feedsportal.com/r/218612074574/u/49/f/647410/c/35028/s/439d2b3e/sc/32/a2.htm""><img src=""http://da.feedsportal.com/r/218612074574/u/49/f/647410/c/35028/s/439d2b3e/sc/32/a2.img"" border=""0""/></a><img width=""1"" height=""1"" src=""http://pi.feedsportal.com/r/218612074574/u/49/f/647410/c/35028/s/439d2b3e/sc/32/a2t.img"" border=""0""/><img src=""//feeds.feedburner.com/~r/Slashdot/slashdot/~4/hw5LgxYhtBo"" height=""1"" width=""1"" alt=""""/>"
"800,000 Using HealthCare.gov Were Sent Incorrect Tax Data",http://rss.slashdot.org/~r/Slashdot/slashdot/~3/U0DHne0YUVw/story01.htm,"mpicpp sends this report from the NY Times: About 800,000 taxpayers who enrolled in insurance policies through HealthCare.gov received erroneous tax information from the government, and were urged on Friday to hold off on filing tax returns until the error could be corrected. The Obama administration, under heavy pressure from congressional Democrats, also announced that it would give several million people more time to buy health insurance so they could comply with federal law and avoid tax penalties. The incorrect insurance information is used in computing taxes. Consumers can expect to receive corrected data in the first week of March. With the new data, officials warned, some taxpayers will owe more and some will owe less. Officials said they did not know why the error had occurred.<p><div class=""share_submission"" style=""position:relative;""> <a class=""slashpop"" href=""http://twitter.com/home?status=800%2C000+Using+HealthCare.gov+Were+Sent+Incorrect+Tax+Data%3A+http%3A%2F%2Fbit.ly%2F1EdP3zC""><img src=""http://a.fsdn.com/sd/twitter_icon_large.png""></a> <a class=""slashpop"" href=""http://www.facebook.com/sharer.php?u=http%3A%2F%2Fyro.slashdot.org%2Fstory%2F15%2F02%2F20%2F187231%2F800000-using-healthcaregov-were-sent-incorrect-tax-data%3Futm_source%3Dslashdot%26utm_medium%3Dfacebook""><img src=""http://a.fsdn.com/sd/facebook_icon_large.png""></a> <a class=""nobg"" href=""http://plus.google.com/share?url=http://yro.slashdot.org/story/15/02/20/187231/800000-using-healthcaregov-were-sent-incorrect-tax-data?utm_source=slashdot&amp;utm_medium=googleplus"" onclick=""javascript:window.open(this.href,'', 'menubar=no,toolbar=no,resizable=yes,scrollbars=yes,height=600,width=600');return false;""><img src=""http://www.gstatic.com/images/icons/gplus-16.png"" alt=""Share on Google+""/></a> </div></p><p><a href=""http://yro.slashdot.org/story/15/02/20/187231/800000-using-healthcaregov-were-sent-incorrect-tax-data?utm_source=rss1.0moreanon&amp;utm_medium=feed"">Read more of this story</a> at Slashdot.</p><iframe src=""http://slashdot.org/slashdot-it.pl?op=discuss&amp;id=6994509&amp;smallembed=1"" style=""height: 300px; width: 100%; border: none;""></iframe><img width='1' height='1' src='http://slashdot.feedsportal.com/c/35028/f/647410/s/439d2fff/sc/36/mf.gif' border='0'/><br clear='all'/><img src=""//feeds.feedburner.com/~r/Slashdot/slashdot/~4/U0DHne0YUVw"" height=""1"" width=""1"" alt=""""/>"
